{
    "Cyst": {
        "precision": 0.9959731543624161,
        "recall": 1.0,
        "f1-score": 0.9979825151311366,
        "support": 742.0
    },
    "Normal": {
        "precision": 0.9951028403525954,
        "recall": 1.0,
        "f1-score": 0.997545409916544,
        "support": 1016.0
    },
    "Stone": {
        "precision": 1.0,
        "recall": 0.9710144927536232,
        "f1-score": 0.9852941176470589,
        "support": 276.0
    },
    "Tumor": {
        "precision": 1.0,
        "recall": 1.0,
        "f1-score": 1.0,
        "support": 457.0
    },
    "accuracy": 0.9967884383781613,
    "macro avg": {
        "precision": 0.9977689986787529,
        "recall": 0.9927536231884058,
        "f1-score": 0.9952055106736848,
        "support": 2491.0
    },
    "weighted avg": {
        "precision": 0.9968031177579886,
        "recall": 0.9967884383781613,
        "f1-score": 0.996768502277439,
        "support": 2491.0
    }
}