{
    "Cyst": {
        "precision": 0.948849104859335,
        "recall": 1.0,
        "f1-score": 0.973753280839895,
        "support": 742.0
    },
    "Normal": {
        "precision": 0.9593188268684958,
        "recall": 0.9980314960629921,
        "f1-score": 0.9782923299565847,
        "support": 1016.0
    },
    "Stone": {
        "precision": 1.0,
        "recall": 0.7753623188405797,
        "f1-score": 0.8734693877551021,
        "support": 276.0
    },
    "Tumor": {
        "precision": 0.997716894977169,
        "recall": 0.9562363238512035,
        "f1-score": 0.976536312849162,
        "support": 457.0
    },
    "accuracy": 0.9662786029706945,
    "macro avg": {
        "precision": 0.9764712066762499,
        "recall": 0.9324075346886938,
        "f1-score": 0.950512827850186,
        "support": 2491.0
    },
    "weighted avg": {
        "precision": 0.9677521416734584,
        "recall": 0.9662786029706945,
        "f1-score": 0.9650038489006693,
        "support": 2491.0
    }
}