{
    "Cyst": {
        "precision": 0.9376590330788804,
        "recall": 0.9932614555256065,
        "f1-score": 0.9646596858638743,
        "support": 742.0
    },
    "Normal": {
        "precision": 0.9519321394910462,
        "recall": 0.9940944881889764,
        "f1-score": 0.9725565719788157,
        "support": 1016.0
    },
    "Stone": {
        "precision": 1.0,
        "recall": 0.7681159420289855,
        "f1-score": 0.8688524590163935,
        "support": 276.0
    },
    "Tumor": {
        "precision": 0.9861111111111112,
        "recall": 0.9321663019693655,
        "f1-score": 0.9583802024746907,
        "support": 457.0
    },
    "accuracy": 0.9574468085106383,
    "macro avg": {
        "precision": 0.9689255709202594,
        "recall": 0.9219095469282335,
        "f1-score": 0.9411122298334437,
        "support": 2491.0
    },
    "weighted avg": {
        "precision": 0.9592769305681292,
        "recall": 0.9574468085106383,
        "f1-score": 0.9561132056446928,
        "support": 2491.0
    }
}