{
    "Cyst": {
        "precision": 0.95822454308094,
        "recall": 0.9892183288409704,
        "f1-score": 0.973474801061008,
        "support": 742.0
    },
    "Normal": {
        "precision": 0.9662813102119461,
        "recall": 0.9872047244094488,
        "f1-score": 0.9766309639727362,
        "support": 1016.0
    },
    "Stone": {
        "precision": 0.9878542510121457,
        "recall": 0.8840579710144928,
        "f1-score": 0.9330783938814532,
        "support": 276.0
    },
    "Tumor": {
        "precision": 0.9636363636363636,
        "recall": 0.9277899343544858,
        "f1-score": 0.9453734671125975,
        "support": 457.0
    },
    "accuracy": 0.9654757125652349,
    "macro avg": {
        "precision": 0.9689991169853489,
        "recall": 0.9470677396548495,
        "f1-score": 0.9571394065069487,
        "support": 2491.0
    },
    "weighted avg": {
        "precision": 0.9657864366128324,
        "recall": 0.9654757125652349,
        "f1-score": 0.965130739849581,
        "support": 2491.0
    }
}